Translated phrase,Search Volume,Seller1,Seller2,Seller3,Seller4,Seller5,Seller6,Seller7,Seller8,Seller9,Seller10,Relevency
tart pan,8807,2,5,7,10,18,15,16,12,19,42,
quiche shape,343,2,5,12,33,11,6,7,63,30,102,
tart molds & quiche molds,132,1,50,14,,9,7,2,4,42,171,
quiche pan with lifting base,490,3,148,10,,11,6,124,8,15,125,
tart pan with lifting base,2846,1,245,8,120,9,6,135,7,5,26,
baking pan with lifting base,15,2,228,19,283,17,7,274,6,8,9,
tart dish,65,2,11,31,7,8,19,35,21,12,26,
tart shape,289,2,11,32,7,8,18,42,21,12,31,
tart pan with lift-off bottom,74,2,,7,,12,47,,9,5,18,
tart molds,47,2,10,7,24,10,30,126,12,54,18,
quiche pan,5194,2,3,15,,23,5,7,19,28,183,
shape tart,200,2,72,10,15,9,27,155,12,65,19,
shape quiche,139,2,3,9,38,14,6,23,29,64,46,
tart pan with lifting base 26cm,34,8,,35,69,13,2,144,4,7,86,
twin tart dish,141,15,29,20,7,33,38,10,39,29,4,
tart pan with lifting base 24 cm,126,14,,19,81,10,64,81,6,1,36,
tart pan with lifting base 26 cm,142,8,,29,112,12,2,127,17,10,68,
tart pan 26 cm,285,14,127,83,98,16,3,78,15,12,100,
quiche pan,148,1,223,87,274,9,11,4,35,66,41,
lifting bottom baking pan,170,4,251,39,280,2,6,237,42,14,48,
quiche mold,84,3,20,30,35,27,10,16,9,53,98,
tart shape,12,1,48,20,61,14,54,215,53,9,18,
Tart pan 26cm,60,14,,174,160,18,3,85,20,12,105,
quiche pan 26 cm,88,28,10,49,,11,4,61,20,39,60,
tart baking dish,33,3,45,66,65,6,49,39,18,24,12,
baking mold tart,56,1,215,30,78,10,3,72,26,93,16,
tart mold lifting base,51,8,,,,19,67,,7,11,22,
lifting bottom baking pan with handles,99,5,,44,,10,6,89,20,21,64,
tart form removable bottom,35,2,47,32,50,8,7,99,53,25,24,
tart pan 28 cm,73,1,53,36,28,3,21,5,33,126,244,
Square tart pan with lifting base,42,10,124,27,150,5,15,144,33,22,34,
tartlets ready,99,4,,6,,,,,51,43,15,
ard time baking dish,33,10,,,,2,8,,36,,,
tarlette molds,40,9,,12,,24,,,73,56,4,
tartlet molds lifting bottom,17,8,,3,,31,163,207,99,108,1,
mini tartlets,90,14,,7,,51,244,,208,199,4,
quiche pan 28 cm,232,2,151,42,181,20,18,3,46,70,113,
tartlet moulds,111,20,,21,,15,,,68,,9,
tart pan 22cm,90,25,,4,,3,72,,18,48,92,
tart pan with lifting base 20 cm,21,17,,24,82,10,49,,3,95,46,
tartlet molds 10 cm,92,16,,1,,24,,,,,4,
Bakeware tart,25,1,,,,17,15,,,,,
pie shape,59,17,1,2,168,24,66,87,52,34,229,
quiche dish porcelain,23,22,2,35,,53,45,5,55,65,126,
pie shape american,114,5,127,46,,10,113,181,87,50,81,
mini quiche molds,78,22,,6,,31,,,174,94,3,
quiche pan lifting base,20,2,,,,28,8,,,,,
quiche molds,27,1,,,,27,8,,,24,,
mold for quiche,46,2,,,,41,14,,,,,
tartlet moulds,1719,30,243,1,,23,185,,83,94,2,
pie pan,117,12,,21,,15,,191,52,207,78,
qiche shape,16,2,,,,7,75,,,,,
tartare shape,101,5,,43,,81,,,10,,,
baking pan pie,53,2,,,,7,108,,,,,
tartare shape,114,1,10,,,,121,,54,,,
pie shell,93,14,215,152,,15,141,238,39,214,267,
pie & tart base molds,115,5,225,258,,12,114,104,58,,,
baking pan quiche,26,9,,,,279,1,,,,,
tart tatin shape,397,17,60,174,20,23,8,,64,24,72,
tartlet molds,80,14,,18,,45,,,36,35,16,
pie shape,805,12,37,19,,25,290,196,27,18,48,
quiche mold silicone,281,27,142,36,,23,22,24,11,48,123,
Tart molds 26 cm,12,,,,,,,,,9,,
quiche pan,60,1,,,,249,37,,,,,
tart mold silicone,28,10,,,,,,,,,,
